{
  "X": [
    1895,
    152,
    [
      4.52479815455594,
      21.464436755094194,
      100.12687427912341
    ]
  ],
  "Head_toothless_left_up": [
    121,
    55,
    [
      88.68396770472896,
      77.67397154940407,
      71.47135717031911
    ]
  ],
  "Night_Fury": [
    263,
    638,
    [
      93.07881584006151,
      83.92272202998846,
      119.20492118415994
    ]
  ],
  "Search_Button": [
    2028,
    942,
    [
      58.66474432910419,
      106.32987312572088,
      112.74702037677817
    ]
  ],
  "Terrible_Terror_Search": [
    1164,
    951,
    [
      14.459438677431757,
      126.16493656286043,
      142.6309111880046
    ]
  ],
  "1_new": [
    1495,
    667,
    [
      135.63590926566704,
      126.78239138792772,
      46.59323337178009
    ]
  ],
  "Start_Explore": [
    1687,
    970,
    [
      61.75663206459054,
      127.47135717031911,
      113.41099577085737
    ]
  ],
  "Speed_up": [
    2028,
    943,
    [
      57.58323721645521,
      146.50096116878123,
      150.1741637831603
    ]
  ],
  "Bag": [
    796,
    535,
    [
      50.33141099577086,
      64.32218377547098,
      82.14609765474817
    ]
  ],
  "Collect": [
    1172,
    854,
    [
      61.35371011149558,
      133.86966551326412,
      103.01268742791234
    ]
  ],
  "Resend": [
    2044,
    788,
    [
      127.19338715878509,
      141.6955017301038,
      46.6958861976163
    ]
  ],
  "1_bag_search": [
    60,
    562,
    [
      0.0,
      0.0,
      0.0
    ]
  ],
  "Release": [
    738,
    866,
    [
      143.97078046905037,
      136.81237985390234,
      71.95924644367551
    ]
  ],
  "No_thanks": [
    161,
    450,
    [
      22.225297962322184,
      16.630911188004614,
      6.522875816993464
    ]
  ]
}