{
  "X": [
    1895,
    152,
    [
      4.5048058439061895,
      21.391772395232604,
      100.24221453287197
    ]
  ],
  "Head_toothless_left_up": [
    121,
    55,
    [
      96.44944252210688,
      85.82237600922723,
      81.27835447904653
    ]
  ],
  "Night_Fury": [
    263,
    638,
    [
      93.07881584006151,
      83.92272202998846,
      119.20492118415994
    ]
  ],
  "Search_Button": [
    2028,
    942,
    [
      58.66820453671665,
      106.33410226835832,
      112.75009611687813
    ]
  ],
  "Terrible_Terror_Search": [
    1163,
    727,
    [
      12.676662821991542,
      125.70742022299116,
      140.29181084198385
    ]
  ],
  "1_new": [
    2275,
    1035,
    [
      0.0,
      0.0,
      0.0
    ]
  ],
  "Start_Explore": [
    1687,
    970,
    [
      71.96347558631295,
      133.5770857362553,
      104.09188773548635
    ]
  ],
  "Speed_up": [
    2028,
    943,
    [
      59.99577085736255,
      141.9926951172626,
      147.66089965397924
    ]
  ]
}