{
  "X": [
    1895,
    152,
    [
      4.52479815455594,
      21.464436755094194,
      100.12687427912341
    ]
  ],
  "Head_toothless_left_up": [
    32,
    762,
    [
      20.658977316416763,
      17.98885044213764,
      14.025374855824683
    ]
  ],
  "Night_Fury": [
    263,
    638,
    [
      93.07881584006151,
      83.92272202998846,
      119.20492118415994
    ]
  ],
  "Search_Button": [
    2028,
    942,
    [
      58.60438292964245,
      106.20453671664744,
      113.00499807766244
    ]
  ],
  "Terrible_Terror_Search": [
    1163,
    788,
    [
      12.6720492118416,
      125.7124183006536,
      140.2864282968089
    ]
  ],
  "1_new": [
    1496,
    659,
    [
      104.05113417916186,
      97.25182622068435,
      36.13148788927336
    ]
  ],
  "Start_Explore": [
    1687,
    970,
    [
      61.75663206459054,
      127.47135717031911,
      113.41099577085737
    ]
  ],
  "Speed_up": [
    2028,
    943,
    [
      59.85121107266436,
      141.7035755478662,
      147.70549788542868
    ]
  ],
  "Bag": [
    796,
    535,
    [
      50.25451749327182,
      64.22145328719724,
      82.40907343329489
    ]
  ],
  "Collect": [
    1172,
    854,
    [
      60.96309111880046,
      133.479046520569,
      103.01422529796233
    ]
  ],
  "Resend": [
    2044,
    788,
    [
      127.19338715878509,
      141.6955017301038,
      46.6958861976163
    ]
  ]
}