{
  "X": [
    1895,
    152,
    [
      4.52479815455594,
      21.464436755094194,
      100.12687427912341
    ]
  ],
  "Head_toothless_left_up": [
    121,
    55,
    [
      11.743560169165706,
      10.144559784698194,
      9.359477124183007
    ]
  ],
  "Night_Fury": [
    263,
    638,
    [
      93.07881584006151,
      83.92272202998846,
      119.20492118415994
    ]
  ],
  "Search_Button": [
    2028,
    942,
    [
      58.66474432910419,
      106.32987312572088,
      112.74702037677817
    ]
  ],
  "Terrible_Terror_Search": [
    1164,
    938,
    [
      14.55594002306805,
      126.14455978469819,
      142.7116493656286
    ]
  ],
  "1_new": [
    1495,
    667,
    [
      135.63590926566704,
      126.78239138792772,
      46.59323337178009
    ]
  ],
  "Start_Explore": [
    1687,
    970,
    [
      61.75663206459054,
      127.47135717031911,
      113.41099577085737
    ]
  ],
  "Speed_up": [
    2028,
    943,
    [
      59.99577085736255,
      141.9926951172626,
      147.66089965397924
    ]
  ],
  "Bag": [
    796,
    535,
    [
      50.33141099577086,
      64.32218377547098,
      82.14609765474817
    ]
  ],
  "Collect": [
    1172,
    854,
    [
      61.35371011149558,
      133.86966551326412,
      103.01268742791234
    ]
  ],
  "Resend": [
    2044,
    788,
    [
      127.19338715878509,
      141.6955017301038,
      46.6958861976163
    ]
  ],
  "1_bag_search": [
    60,
    562,
    [
      0.0,
      0.0,
      0.0
    ]
  ],
  "Release": [
    738,
    866,
    [
      143.97078046905037,
      136.81237985390234,
      71.95924644367551
    ]
  ],
  "No_thanks": [
    161,
    450,
    [
      22.225297962322184,
      16.630911188004614,
      6.522875816993464
    ]
  ],
  "Terrible_Terror_Verify": [
    1166,
    151,
    [
      40.116493656286046,
      129.88696655132642,
      151.94848135332563
    ]
  ],
  "Speedup_Verification": [
    1416,
    997,
    [
      31.485966935793925,
      75.8958093041138,
      126.18838908112265
    ]
  ]
}